Jurisdiction,Candidate,Votes,LeadDigit
Washoe,"BIDEN, JOSEPH R.",319,3
Washoe,"BIDEN, JOSEPH R.",16,1
Washoe,"BIDEN, JOSEPH R.",43,4
Washoe,"BIDEN, JOSEPH R.",4,4
Washoe,"BIDEN, JOSEPH R.",165,1
Washoe,"BIDEN, JOSEPH R.",307,3
Washoe,"BIDEN, JOSEPH R.",376,3
Washoe,"BIDEN, JOSEPH R.",446,4
Washoe,"BIDEN, JOSEPH R.",457,4
Washoe,"BIDEN, JOSEPH R.",428,4
Washoe,"BIDEN, JOSEPH R.",499,4
Washoe,"BIDEN, JOSEPH R.",160,1
Washoe,"BIDEN, JOSEPH R.",567,5
Washoe,"BIDEN, JOSEPH R.",420,4
Washoe,"BIDEN, JOSEPH R.",23,2
Washoe,"BIDEN, JOSEPH R.",5,5
Washoe,"BIDEN, JOSEPH R.",10,1
Washoe,"BIDEN, JOSEPH R.",396,3
Washoe,"BIDEN, JOSEPH R.",501,5
Washoe,"BIDEN, JOSEPH R.",880,8
Washoe,"BIDEN, JOSEPH R.",248,2
Washoe,"BIDEN, JOSEPH R.",688,6
Washoe,"BIDEN, JOSEPH R.",246,2
Washoe,"BIDEN, JOSEPH R.",725,7
Washoe,"BIDEN, JOSEPH R.",568,5
Washoe,"BIDEN, JOSEPH R.",249,2
Washoe,"BIDEN, JOSEPH R.",723,7
Washoe,"BIDEN, JOSEPH R.",19,1
Washoe,"BIDEN, JOSEPH R.",594,5
Washoe,"BIDEN, JOSEPH R.",709,7
Washoe,"BIDEN, JOSEPH R.",612,6
Washoe,"BIDEN, JOSEPH R.",540,5
Washoe,"BIDEN, JOSEPH R.",370,3
Washoe,"BIDEN, JOSEPH R.",722,7
Washoe,"BIDEN, JOSEPH R.",426,4
Washoe,"BIDEN, JOSEPH R.",238,2
Washoe,"BIDEN, JOSEPH R.",724,7
Washoe,"BIDEN, JOSEPH R.",359,3
Washoe,"BIDEN, JOSEPH R.",331,3
Washoe,"BIDEN, JOSEPH R.",609,6
Washoe,"BIDEN, JOSEPH R.",352,3
Washoe,"BIDEN, JOSEPH R.",462,4
Washoe,"BIDEN, JOSEPH R.",277,2
Washoe,"BIDEN, JOSEPH R.",300,3
Washoe,"BIDEN, JOSEPH R.",488,4
Washoe,"BIDEN, JOSEPH R.",675,6
Washoe,"BIDEN, JOSEPH R.",277,2
Washoe,"BIDEN, JOSEPH R.",89,8
Washoe,"BIDEN, JOSEPH R.",140,1
Washoe,"BIDEN, JOSEPH R.",245,2
Washoe,"BIDEN, JOSEPH R.",613,6
Washoe,"BIDEN, JOSEPH R.",561,5
Washoe,"BIDEN, JOSEPH R.",789,7
Washoe,"BIDEN, JOSEPH R.",233,2
Washoe,"BIDEN, JOSEPH R.",435,4
Washoe,"BIDEN, JOSEPH R.",523,5
Washoe,"BIDEN, JOSEPH R.",52,5
Washoe,"BIDEN, JOSEPH R.",205,2
Washoe,"BIDEN, JOSEPH R.",173,1
Washoe,"BIDEN, JOSEPH R.",174,1
Washoe,"BIDEN, JOSEPH R.",301,3
Washoe,"BIDEN, JOSEPH R.",403,4
Washoe,"BIDEN, JOSEPH R.",649,6
Washoe,"BIDEN, JOSEPH R.",756,7
Washoe,"BIDEN, JOSEPH R.",216,2
Washoe,"BIDEN, JOSEPH R.",254,2
Washoe,"BIDEN, JOSEPH R.",209,2
Washoe,"BIDEN, JOSEPH R.",596,5
Washoe,"BIDEN, JOSEPH R.",200,2
Washoe,"BIDEN, JOSEPH R.",217,2
Washoe,"BIDEN, JOSEPH R.",338,3
Washoe,"BIDEN, JOSEPH R.",386,3
Washoe,"BIDEN, JOSEPH R.",310,3
Washoe,"BIDEN, JOSEPH R.",270,2
Washoe,"BIDEN, JOSEPH R.",457,4
Washoe,"BIDEN, JOSEPH R.",515,5
Washoe,"BIDEN, JOSEPH R.",728,7
Washoe,"BIDEN, JOSEPH R.",204,2
Washoe,"BIDEN, JOSEPH R.",332,3
Washoe,"BIDEN, JOSEPH R.",452,4
Washoe,"BIDEN, JOSEPH R.",600,6
Washoe,"BIDEN, JOSEPH R.",309,3
Washoe,"BIDEN, JOSEPH R.",247,2
Washoe,"BIDEN, JOSEPH R.",1048,1
Washoe,"BIDEN, JOSEPH R.",592,5
Washoe,"BIDEN, JOSEPH R.",436,4
Washoe,"BIDEN, JOSEPH R.",613,6
Washoe,"BIDEN, JOSEPH R.",326,3
Washoe,"BIDEN, JOSEPH R.",1080,1
Washoe,"BIDEN, JOSEPH R.",178,1
Washoe,"BIDEN, JOSEPH R.",76,7
Washoe,"BIDEN, JOSEPH R.",85,8
Washoe,"BIDEN, JOSEPH R.",505,5
Washoe,"BIDEN, JOSEPH R.",32,3
Washoe,"BIDEN, JOSEPH R.",485,4
Washoe,"BIDEN, JOSEPH R.",828,8
Washoe,"BIDEN, JOSEPH R.",254,2
Washoe,"BIDEN, JOSEPH R.",342,3
Washoe,"BIDEN, JOSEPH R.",33,3
Washoe,"BIDEN, JOSEPH R.",164,1
Washoe,"BIDEN, JOSEPH R.",705,7
Washoe,"BIDEN, JOSEPH R.",332,3
Washoe,"BIDEN, JOSEPH R.",910,9
Washoe,"BIDEN, JOSEPH R.",725,7
Washoe,"BIDEN, JOSEPH R.",182,1
Washoe,"BIDEN, JOSEPH R.",633,6
Washoe,"BIDEN, JOSEPH R.",54,5
Washoe,"BIDEN, JOSEPH R.",15,1
Washoe,"BIDEN, JOSEPH R.",761,7
Washoe,"BIDEN, JOSEPH R.",621,6
Washoe,"BIDEN, JOSEPH R.",589,5
Washoe,"BIDEN, JOSEPH R.",379,3
Washoe,"BIDEN, JOSEPH R.",367,3
Washoe,"BIDEN, JOSEPH R.",8,8
Washoe,"BIDEN, JOSEPH R.",559,5
Washoe,"BIDEN, JOSEPH R.",290,2
Washoe,"BIDEN, JOSEPH R.",598,5
Washoe,"BIDEN, JOSEPH R.",671,6
Washoe,"BIDEN, JOSEPH R.",211,2
Washoe,"BIDEN, JOSEPH R.",148,1
Washoe,"BIDEN, JOSEPH R.",219,2
Washoe,"BIDEN, JOSEPH R.",338,3
Washoe,"BIDEN, JOSEPH R.",348,3
Washoe,"BIDEN, JOSEPH R.",140,1
Washoe,"BIDEN, JOSEPH R.",874,8
Washoe,"BIDEN, JOSEPH R.",299,2
Washoe,"BIDEN, JOSEPH R.",475,4
Washoe,"BIDEN, JOSEPH R.",320,3
Washoe,"BIDEN, JOSEPH R.",334,3
Washoe,"BIDEN, JOSEPH R.",7,7
Washoe,"BIDEN, JOSEPH R.",242,2
Washoe,"BIDEN, JOSEPH R.",426,4
Washoe,"BIDEN, JOSEPH R.",502,5
Washoe,"BIDEN, JOSEPH R.",745,7
Washoe,"BIDEN, JOSEPH R.",597,5
Washoe,"BIDEN, JOSEPH R.",464,4
Washoe,"BIDEN, JOSEPH R.",171,1
Washoe,"BIDEN, JOSEPH R.",282,2
Washoe,"BIDEN, JOSEPH R.",52,5
Washoe,"BIDEN, JOSEPH R.",304,3
Washoe,"BIDEN, JOSEPH R.",318,3
Washoe,"BIDEN, JOSEPH R.",353,3
Washoe,"BIDEN, JOSEPH R.",633,6
Washoe,"BIDEN, JOSEPH R.",617,6
Washoe,"BIDEN, JOSEPH R.",895,8
Washoe,"BIDEN, JOSEPH R.",330,3
Washoe,"BIDEN, JOSEPH R.",513,5
Washoe,"BIDEN, JOSEPH R.",312,3
Washoe,"BIDEN, JOSEPH R.",761,7
Washoe,"BIDEN, JOSEPH R.",568,5
Washoe,"BIDEN, JOSEPH R.",11,1
Washoe,"BIDEN, JOSEPH R.",344,3
Washoe,"BIDEN, JOSEPH R.",125,1
Washoe,"BIDEN, JOSEPH R.",39,3
Washoe,"BIDEN, JOSEPH R.",813,8
Washoe,"BIDEN, JOSEPH R.",418,4
Washoe,"BIDEN, JOSEPH R.",36,3
Washoe,"BIDEN, JOSEPH R.",379,3
Washoe,"BIDEN, JOSEPH R.",768,7
Washoe,"BIDEN, JOSEPH R.",173,1
Washoe,"BIDEN, JOSEPH R.",376,3
Washoe,"BIDEN, JOSEPH R.",413,4
Washoe,"BIDEN, JOSEPH R.",493,4
Washoe,"BIDEN, JOSEPH R.",482,4
Washoe,"BIDEN, JOSEPH R.",284,2
Washoe,"BIDEN, JOSEPH R.",390,3
Washoe,"BIDEN, JOSEPH R.",354,3
Washoe,"BIDEN, JOSEPH R.",664,6
Washoe,"BIDEN, JOSEPH R.",551,5
Washoe,"BIDEN, JOSEPH R.",176,1
Washoe,"BIDEN, JOSEPH R.",617,6
Washoe,"BIDEN, JOSEPH R.",637,6
Washoe,"BIDEN, JOSEPH R.",595,5
Washoe,"BIDEN, JOSEPH R.",461,4
Washoe,"BIDEN, JOSEPH R.",424,4
Washoe,"BIDEN, JOSEPH R.",420,4
Washoe,"BIDEN, JOSEPH R.",80,8
Washoe,"BIDEN, JOSEPH R.",462,4
Washoe,"BIDEN, JOSEPH R.",454,4
Washoe,"BIDEN, JOSEPH R.",691,6
Washoe,"BIDEN, JOSEPH R.",763,7
Washoe,"BIDEN, JOSEPH R.",11,1
Washoe,"BIDEN, JOSEPH R.",507,5
Washoe,"BIDEN, JOSEPH R.",327,3
Washoe,"BIDEN, JOSEPH R.",808,8
Washoe,"BIDEN, JOSEPH R.",731,7
Washoe,"BIDEN, JOSEPH R.",111,1
Washoe,"BIDEN, JOSEPH R.",45,4
Washoe,"BIDEN, JOSEPH R.",6,6
Washoe,"BIDEN, JOSEPH R.",715,7
Washoe,"BIDEN, JOSEPH R.",682,6
Washoe,"BIDEN, JOSEPH R.",177,1
Washoe,"BIDEN, JOSEPH R.",425,4
Washoe,"BIDEN, JOSEPH R.",404,4
Washoe,"BIDEN, JOSEPH R.",148,1
Washoe,"BIDEN, JOSEPH R.",8,8
Washoe,"BIDEN, JOSEPH R.",8,8
Washoe,"BIDEN, JOSEPH R.",135,1
Washoe,"BIDEN, JOSEPH R.",95,9
Washoe,"BIDEN, JOSEPH R.",46,4
Washoe,"BIDEN, JOSEPH R.",13,1
Washoe,"BIDEN, JOSEPH R.",170,1
Washoe,"BIDEN, JOSEPH R.",332,3
Washoe,"BIDEN, JOSEPH R.",591,5
Washoe,"BIDEN, JOSEPH R.",225,2
Washoe,"BIDEN, JOSEPH R.",488,4
Washoe,"BIDEN, JOSEPH R.",401,4
Washoe,"BIDEN, JOSEPH R.",195,1
Washoe,"BIDEN, JOSEPH R.",74,7
Washoe,"BIDEN, JOSEPH R.",393,3
Washoe,"BIDEN, JOSEPH R.",452,4
Washoe,"BIDEN, JOSEPH R.",59,5
Washoe,"BIDEN, JOSEPH R.",111,1
Washoe,"BIDEN, JOSEPH R.",437,4
Washoe,"BIDEN, JOSEPH R.",229,2
Washoe,"BIDEN, JOSEPH R.",17,1
Washoe,"BIDEN, JOSEPH R.",6,6
Washoe,"BIDEN, JOSEPH R.",58,5
Washoe,"BIDEN, JOSEPH R.",19,1
Washoe,"BIDEN, JOSEPH R.",315,3
Washoe,"BIDEN, JOSEPH R.",6,6
Washoe,"BIDEN, JOSEPH R.",34,3
Washoe,"BIDEN, JOSEPH R.",24,2
Washoe,"BIDEN, JOSEPH R.",10,1
Washoe,"BIDEN, JOSEPH R.",74,7
Washoe,"BIDEN, JOSEPH R.",3,3
Washoe,"BIDEN, JOSEPH R.",413,4
Washoe,"BIDEN, JOSEPH R.",9,9
Washoe,"BIDEN, JOSEPH R.",16,1
Washoe,"BIDEN, JOSEPH R.",319,3
Washoe,"BIDEN, JOSEPH R.",35,3
Washoe,"BIDEN, JOSEPH R.",13,1
Washoe,"BIDEN, JOSEPH R.",4,4
Washoe,"BIDEN, JOSEPH R.",25,2
Washoe,"BIDEN, JOSEPH R.",273,2
Washoe,"BIDEN, JOSEPH R.",118,1
Washoe,"BIDEN, JOSEPH R.",522,5
Washoe,"BIDEN, JOSEPH R.",390,3
Washoe,"BIDEN, JOSEPH R.",42,4
Washoe,"BIDEN, JOSEPH R.",438,4
Washoe,"BIDEN, JOSEPH R.",52,5
Washoe,"BIDEN, JOSEPH R.",227,2
Washoe,"BIDEN, JOSEPH R.",118,1
Washoe,"BIDEN, JOSEPH R.",404,4
Washoe,"BIDEN, JOSEPH R.",186,1
Washoe,"BIDEN, JOSEPH R.",12,1
Washoe,"BIDEN, JOSEPH R.",78,7
Washoe,"BIDEN, JOSEPH R.",41,4
Washoe,"BIDEN, JOSEPH R.",152,1
Washoe,"BIDEN, JOSEPH R.",381,3
Washoe,"BIDEN, JOSEPH R.",101,1
Washoe,"BIDEN, JOSEPH R.",286,2
Washoe,"BIDEN, JOSEPH R.",246,2
Washoe,"BIDEN, JOSEPH R.",311,3
Washoe,"BIDEN, JOSEPH R.",13,1
Washoe,"BIDEN, JOSEPH R.",2,2
Washoe,"BIDEN, JOSEPH R.",365,3
Washoe,"BIDEN, JOSEPH R.",42,4
Washoe,"BIDEN, JOSEPH R.",66,6
Washoe,"BIDEN, JOSEPH R.",590,5
Washoe,"BIDEN, JOSEPH R.",165,1
Washoe,"BIDEN, JOSEPH R.",408,4
Washoe,"BIDEN, JOSEPH R.",323,3
Washoe,"BIDEN, JOSEPH R.",139,1
Washoe,"BIDEN, JOSEPH R.",81,8
Washoe,"BIDEN, JOSEPH R.",369,3
Washoe,"BIDEN, JOSEPH R.",172,1
Washoe,"BIDEN, JOSEPH R.",515,5
Washoe,"BIDEN, JOSEPH R.",233,2
Washoe,"BIDEN, JOSEPH R.",3,3
Washoe,"BIDEN, JOSEPH R.",217,2
Washoe,"BIDEN, JOSEPH R.",95,9
Washoe,"BIDEN, JOSEPH R.",355,3
Washoe,"BIDEN, JOSEPH R.",86,8
Washoe,"BIDEN, JOSEPH R.",11,1
Washoe,"BIDEN, JOSEPH R.",198,1
Washoe,"BIDEN, JOSEPH R.",301,3
Washoe,"BIDEN, JOSEPH R.",26,2
Washoe,"BIDEN, JOSEPH R.",53,5
Washoe,"BIDEN, JOSEPH R.",14,1
Washoe,"BIDEN, JOSEPH R.",526,5
Washoe,"BIDEN, JOSEPH R.",143,1
Washoe,"BIDEN, JOSEPH R.",194,1
Washoe,"BIDEN, JOSEPH R.",264,2
Washoe,"BIDEN, JOSEPH R.",78,7
Washoe,"BIDEN, JOSEPH R.",741,7
Washoe,"BIDEN, JOSEPH R.",375,3
Washoe,"BIDEN, JOSEPH R.",432,4
Washoe,"BIDEN, JOSEPH R.",409,4
Washoe,"BIDEN, JOSEPH R.",338,3
Washoe,"BIDEN, JOSEPH R.",577,5
Washoe,"BIDEN, JOSEPH R.",22,2
Washoe,"BIDEN, JOSEPH R.",846,8
Washoe,"BIDEN, JOSEPH R.",297,2
Washoe,"BIDEN, JOSEPH R.",557,5
Washoe,"BIDEN, JOSEPH R.",130,1
Washoe,"BIDEN, JOSEPH R.",334,3
Washoe,"BIDEN, JOSEPH R.",235,2
Washoe,"BIDEN, JOSEPH R.",485,4
Washoe,"BIDEN, JOSEPH R.",599,5
Washoe,"BIDEN, JOSEPH R.",169,1
Washoe,"BIDEN, JOSEPH R.",354,3
Washoe,"BIDEN, JOSEPH R.",292,2
Washoe,"BIDEN, JOSEPH R.",377,3
Washoe,"BIDEN, JOSEPH R.",386,3
Washoe,"BIDEN, JOSEPH R.",211,2
Washoe,"BIDEN, JOSEPH R.",414,4
Washoe,"BIDEN, JOSEPH R.",89,8
Washoe,"BIDEN, JOSEPH R.",529,5
Washoe,"BIDEN, JOSEPH R.",678,6
Washoe,"BIDEN, JOSEPH R.",486,4
Washoe,"BIDEN, JOSEPH R.",349,3
Washoe,"BIDEN, JOSEPH R.",400,4
Washoe,"BIDEN, JOSEPH R.",534,5
Washoe,"BIDEN, JOSEPH R.",280,2
Washoe,"BIDEN, JOSEPH R.",100,1
Washoe,"BIDEN, JOSEPH R.",453,4
Washoe,"BIDEN, JOSEPH R.",505,5
Washoe,"BIDEN, JOSEPH R.",350,3
Washoe,"BIDEN, JOSEPH R.",632,6
Washoe,"BIDEN, JOSEPH R.",340,3
Washoe,"BIDEN, JOSEPH R.",472,4
Washoe,"BIDEN, JOSEPH R.",537,5
Washoe,"BIDEN, JOSEPH R.",323,3
Washoe,"BIDEN, JOSEPH R.",621,6
Washoe,"BIDEN, JOSEPH R.",578,5
Washoe,"BIDEN, JOSEPH R.",564,5
Washoe,"BIDEN, JOSEPH R.",472,4
Washoe,"BIDEN, JOSEPH R.",823,8
Washoe,"BIDEN, JOSEPH R.",732,7
Washoe,"BIDEN, JOSEPH R.",698,6
Washoe,"BIDEN, JOSEPH R.",297,2
Washoe,"BIDEN, JOSEPH R.",393,3
Washoe,"BIDEN, JOSEPH R.",383,3
Washoe,"BIDEN, JOSEPH R.",553,5
Washoe,"BIDEN, JOSEPH R.",755,7
Washoe,"BIDEN, JOSEPH R.",604,6
Washoe,"BIDEN, JOSEPH R.",252,2
Washoe,"BIDEN, JOSEPH R.",168,1
Washoe,"BIDEN, JOSEPH R.",232,2
Washoe,"BIDEN, JOSEPH R.",115,1
Washoe,"BIDEN, JOSEPH R.",918,9
Washoe,"BIDEN, JOSEPH R.",58,5
Washoe,"BIDEN, JOSEPH R.",274,2
Washoe,"BIDEN, JOSEPH R.",218,2
Washoe,"BIDEN, JOSEPH R.",55,5
Washoe,"BIDEN, JOSEPH R.",15,1
Washoe,"BIDEN, JOSEPH R.",5,5
Washoe,"BIDEN, JOSEPH R.",336,3
Washoe,"BIDEN, JOSEPH R.",93,9
Washoe,"BIDEN, JOSEPH R.",319,3
Washoe,"BIDEN, JOSEPH R.",435,4
Washoe,"BIDEN, JOSEPH R.",54,5
Washoe,"BIDEN, JOSEPH R.",396,3
Washoe,"BIDEN, JOSEPH R.",8,8
Washoe,"BIDEN, JOSEPH R.",289,2
Washoe,"BIDEN, JOSEPH R.",181,1
Washoe,"BIDEN, JOSEPH R.",357,3
Washoe,"BIDEN, JOSEPH R.",462,4
Washoe,"BIDEN, JOSEPH R.",480,4
Washoe,"BIDEN, JOSEPH R.",299,2
Washoe,"BIDEN, JOSEPH R.",291,2
Washoe,"BIDEN, JOSEPH R.",402,4
Washoe,"BIDEN, JOSEPH R.",29,2
Washoe,"BIDEN, JOSEPH R.",380,3
Washoe,"BIDEN, JOSEPH R.",11,1
Washoe,"BIDEN, JOSEPH R.",304,3
Washoe,"BIDEN, JOSEPH R.",21,2
Washoe,"BIDEN, JOSEPH R.",36,3
Washoe,"BIDEN, JOSEPH R.",67,6
Washoe,"BIDEN, JOSEPH R.",164,1
Washoe,"BIDEN, JOSEPH R.",581,5
Washoe,"BIDEN, JOSEPH R.",17,1
Washoe,"BIDEN, JOSEPH R.",559,5
Washoe,"BIDEN, JOSEPH R.",177,1
Washoe,"BIDEN, JOSEPH R.",27,2
Washoe,"BIDEN, JOSEPH R.",288,2
Washoe,"BIDEN, JOSEPH R.",233,2
Washoe,"BIDEN, JOSEPH R.",177,1
Washoe,"BIDEN, JOSEPH R.",125,1
Washoe,"BIDEN, JOSEPH R.",52,5
Washoe,"BIDEN, JOSEPH R.",14,1
Washoe,"BIDEN, JOSEPH R.",20,2
Washoe,"BIDEN, JOSEPH R.",11,1
Washoe,"BIDEN, JOSEPH R.",200,2
Washoe,"BIDEN, JOSEPH R.",179,1
Washoe,"BIDEN, JOSEPH R.",120,1
Washoe,"BIDEN, JOSEPH R.",24,2
Washoe,"BIDEN, JOSEPH R.",85,8
Washoe,"BIDEN, JOSEPH R.",1,1
Washoe,"BIDEN, JOSEPH R.",13,1
Washoe,"BIDEN, JOSEPH R.",10,1
Washoe,"BIDEN, JOSEPH R.",20,2
Washoe,"BLANKENSHIP, DON",4,4
Washoe,"BLANKENSHIP, DON",2,2
Washoe,"BLANKENSHIP, DON",3,3
Washoe,"BLANKENSHIP, DON",4,4
Washoe,"BLANKENSHIP, DON",1,1
Washoe,"BLANKENSHIP, DON",2,2
Washoe,"BLANKENSHIP, DON",1,1
Washoe,"BLANKENSHIP, DON",1,1
Washoe,"BLANKENSHIP, DON",1,1
Washoe,"BLANKENSHIP, DON",2,2
Washoe,"BLANKENSHIP, DON",1,1
Washoe,"BLANKENSHIP, DON",1,1
Washoe,"BLANKENSHIP, DON",1,1
Washoe,"BLANKENSHIP, DON",1,1
Washoe,"BLANKENSHIP, DON",2,2
Washoe,"BLANKENSHIP, DON",4,4
Washoe,"BLANKENSHIP, DON",2,2
Washoe,"BLANKENSHIP, DON",5,5
Washoe,"BLANKENSHIP, DON",5,5
Washoe,"BLANKENSHIP, DON",2,2
Washoe,"BLANKENSHIP, DON",4,4
Washoe,"BLANKENSHIP, DON",1,1
Washoe,"BLANKENSHIP, DON",3,3
Washoe,"BLANKENSHIP, DON",1,1
Washoe,"BLANKENSHIP, DON",3,3
Washoe,"BLANKENSHIP, DON",2,2
Washoe,"BLANKENSHIP, DON",3,3
Washoe,"BLANKENSHIP, DON",2,2
Washoe,"BLANKENSHIP, DON",4,4
Washoe,"BLANKENSHIP, DON",1,1
Washoe,"BLANKENSHIP, DON",2,2
Washoe,"BLANKENSHIP, DON",7,7
Washoe,"BLANKENSHIP, DON",4,4
Washoe,"BLANKENSHIP, DON",2,2
Washoe,"BLANKENSHIP, DON",5,5
Washoe,"BLANKENSHIP, DON",1,1
Washoe,"BLANKENSHIP, DON",2,2
Washoe,"BLANKENSHIP, DON",2,2
Washoe,"BLANKENSHIP, DON",1,1
Washoe,"BLANKENSHIP, DON",3,3
Washoe,"BLANKENSHIP, DON",3,3
Washoe,"BLANKENSHIP, DON",1,1
Washoe,"BLANKENSHIP, DON",1,1
Washoe,"BLANKENSHIP, DON",9,9
Washoe,"BLANKENSHIP, DON",1,1
Washoe,"BLANKENSHIP, DON",5,5
Washoe,"BLANKENSHIP, DON",1,1
Washoe,"BLANKENSHIP, DON",1,1
Washoe,"BLANKENSHIP, DON",4,4
Washoe,"BLANKENSHIP, DON",1,1
Washoe,"BLANKENSHIP, DON",2,2
Washoe,"BLANKENSHIP, DON",2,2
Washoe,"BLANKENSHIP, DON",3,3
Washoe,"BLANKENSHIP, DON",5,5
Washoe,"BLANKENSHIP, DON",1,1
Washoe,"BLANKENSHIP, DON",2,2
Washoe,"BLANKENSHIP, DON",2,2
Washoe,"BLANKENSHIP, DON",4,4
Washoe,"BLANKENSHIP, DON",3,3
Washoe,"BLANKENSHIP, DON",2,2
Washoe,"BLANKENSHIP, DON",1,1
Washoe,"BLANKENSHIP, DON",3,3
Washoe,"BLANKENSHIP, DON",3,3
Washoe,"BLANKENSHIP, DON",2,2
Washoe,"BLANKENSHIP, DON",5,5
Washoe,"BLANKENSHIP, DON",2,2
Washoe,"BLANKENSHIP, DON",1,1
Washoe,"BLANKENSHIP, DON",2,2
Washoe,"BLANKENSHIP, DON",1,1
Washoe,"BLANKENSHIP, DON",3,3
Washoe,"BLANKENSHIP, DON",3,3
Washoe,"BLANKENSHIP, DON",1,1
Washoe,"BLANKENSHIP, DON",1,1
Washoe,"BLANKENSHIP, DON",1,1
Washoe,"BLANKENSHIP, DON",4,4
Washoe,"BLANKENSHIP, DON",5,5
Washoe,"BLANKENSHIP, DON",2,2
Washoe,"BLANKENSHIP, DON",1,1
Washoe,"BLANKENSHIP, DON",7,7
Washoe,"BLANKENSHIP, DON",1,1
Washoe,"BLANKENSHIP, DON",1,1
Washoe,"BLANKENSHIP, DON",2,2
Washoe,"BLANKENSHIP, DON",2,2
Washoe,"BLANKENSHIP, DON",3,3
Washoe,"BLANKENSHIP, DON",5,5
Washoe,"BLANKENSHIP, DON",2,2
Washoe,"BLANKENSHIP, DON",5,5
Washoe,"BLANKENSHIP, DON",2,2
Washoe,"BLANKENSHIP, DON",1,1
Washoe,"BLANKENSHIP, DON",1,1
Washoe,"BLANKENSHIP, DON",3,3
Washoe,"BLANKENSHIP, DON",2,2
Washoe,"BLANKENSHIP, DON",6,6
Washoe,"BLANKENSHIP, DON",6,6
Washoe,"BLANKENSHIP, DON",1,1
Washoe,"BLANKENSHIP, DON",3,3
Washoe,"BLANKENSHIP, DON",4,4
Washoe,"BLANKENSHIP, DON",1,1
Washoe,"BLANKENSHIP, DON",5,5
Washoe,"BLANKENSHIP, DON",1,1
Washoe,"BLANKENSHIP, DON",2,2
Washoe,"BLANKENSHIP, DON",2,2
Washoe,"BLANKENSHIP, DON",1,1
Washoe,"BLANKENSHIP, DON",2,2
Washoe,"BLANKENSHIP, DON",1,1
Washoe,"BLANKENSHIP, DON",1,1
Washoe,"BLANKENSHIP, DON",2,2
Washoe,"BLANKENSHIP, DON",1,1
Washoe,"BLANKENSHIP, DON",2,2
Washoe,"BLANKENSHIP, DON",1,1
Washoe,"BLANKENSHIP, DON",1,1
Washoe,"BLANKENSHIP, DON",2,2
Washoe,"BLANKENSHIP, DON",2,2
Washoe,"BLANKENSHIP, DON",1,1
Washoe,"BLANKENSHIP, DON",3,3
Washoe,"BLANKENSHIP, DON",1,1
Washoe,"BLANKENSHIP, DON",2,2
Washoe,"BLANKENSHIP, DON",3,3
Washoe,"BLANKENSHIP, DON",1,1
Washoe,"BLANKENSHIP, DON",2,2
Washoe,"BLANKENSHIP, DON",3,3
Washoe,"BLANKENSHIP, DON",6,6
Washoe,"BLANKENSHIP, DON",3,3
Washoe,"BLANKENSHIP, DON",8,8
Washoe,"BLANKENSHIP, DON",1,1
Washoe,"BLANKENSHIP, DON",3,3
Washoe,"BLANKENSHIP, DON",3,3
Washoe,"BLANKENSHIP, DON",3,3
Washoe,"BLANKENSHIP, DON",2,2
Washoe,"BLANKENSHIP, DON",1,1
Washoe,"BLANKENSHIP, DON",2,2
Washoe,"BLANKENSHIP, DON",2,2
Washoe,"BLANKENSHIP, DON",1,1
Washoe,"BLANKENSHIP, DON",2,2
Washoe,"BLANKENSHIP, DON",7,7
Washoe,"BLANKENSHIP, DON",5,5
Washoe,"BLANKENSHIP, DON",2,2
Washoe,"BLANKENSHIP, DON",3,3
Washoe,"BLANKENSHIP, DON",2,2
Washoe,"BLANKENSHIP, DON",2,2
Washoe,"BLANKENSHIP, DON",1,1
Washoe,"BLANKENSHIP, DON",2,2
Washoe,"BLANKENSHIP, DON",3,3
Washoe,"BLANKENSHIP, DON",1,1
Washoe,"BLANKENSHIP, DON",3,3
Washoe,"BLANKENSHIP, DON",1,1
Washoe,"BLANKENSHIP, DON",3,3
Washoe,"BLANKENSHIP, DON",1,1
Washoe,"BLANKENSHIP, DON",1,1
Washoe,"BLANKENSHIP, DON",2,2
Washoe,"BLANKENSHIP, DON",2,2
Washoe,"BLANKENSHIP, DON",1,1
Washoe,"BLANKENSHIP, DON",2,2
Washoe,"BLANKENSHIP, DON",1,1
Washoe,"BLANKENSHIP, DON",1,1
Washoe,"BLANKENSHIP, DON",1,1
Washoe,"BLANKENSHIP, DON",1,1
Washoe,"BLANKENSHIP, DON",2,2
Washoe,"BLANKENSHIP, DON",2,2
Washoe,"BLANKENSHIP, DON",2,2
Washoe,"BLANKENSHIP, DON",1,1
Washoe,"BLANKENSHIP, DON",1,1
Washoe,"BLANKENSHIP, DON",4,4
Washoe,"BLANKENSHIP, DON",1,1
Washoe,"BLANKENSHIP, DON",2,2
Washoe,"BLANKENSHIP, DON",1,1
Washoe,"BLANKENSHIP, DON",1,1
Washoe,"BLANKENSHIP, DON",2,2
Washoe,"BLANKENSHIP, DON",1,1
Washoe,"BLANKENSHIP, DON",4,4
Washoe,"BLANKENSHIP, DON",2,2
Washoe,"BLANKENSHIP, DON",2,2
Washoe,"BLANKENSHIP, DON",2,2
Washoe,"BLANKENSHIP, DON",2,2
Washoe,"BLANKENSHIP, DON",1,1
Washoe,"BLANKENSHIP, DON",4,4
Washoe,"BLANKENSHIP, DON",2,2
Washoe,"BLANKENSHIP, DON",2,2
Washoe,"BLANKENSHIP, DON",2,2
Washoe,"BLANKENSHIP, DON",1,1
Washoe,"BLANKENSHIP, DON",4,4
Washoe,"BLANKENSHIP, DON",4,4
Washoe,"BLANKENSHIP, DON",4,4
Washoe,"BLANKENSHIP, DON",2,2
Washoe,"BLANKENSHIP, DON",2,2
Washoe,"BLANKENSHIP, DON",1,1
Washoe,"BLANKENSHIP, DON",3,3
Washoe,"BLANKENSHIP, DON",3,3
Washoe,"BLANKENSHIP, DON",4,4
Washoe,"BLANKENSHIP, DON",1,1
Washoe,"BLANKENSHIP, DON",2,2
Washoe,"BLANKENSHIP, DON",2,2
Washoe,"BLANKENSHIP, DON",2,2
Washoe,"BLANKENSHIP, DON",6,6
Washoe,"BLANKENSHIP, DON",2,2
Washoe,"BLANKENSHIP, DON",4,4
Washoe,"BLANKENSHIP, DON",4,4
Washoe,"BLANKENSHIP, DON",2,2
Washoe,"BLANKENSHIP, DON",3,3
Washoe,"BLANKENSHIP, DON",3,3
Washoe,"BLANKENSHIP, DON",3,3
Washoe,"BLANKENSHIP, DON",5,5
Washoe,"BLANKENSHIP, DON",3,3
Washoe,"BLANKENSHIP, DON",3,3
Washoe,"BLANKENSHIP, DON",1,1
Washoe,"BLANKENSHIP, DON",2,2
Washoe,"BLANKENSHIP, DON",3,3
Washoe,"BLANKENSHIP, DON",1,1
Washoe,"BLANKENSHIP, DON",2,2
Washoe,"BLANKENSHIP, DON",5,5
Washoe,"BLANKENSHIP, DON",1,1
Washoe,"BLANKENSHIP, DON",4,4
Washoe,"BLANKENSHIP, DON",6,6
Washoe,"BLANKENSHIP, DON",3,3
Washoe,"BLANKENSHIP, DON",2,2
Washoe,"BLANKENSHIP, DON",4,4
Washoe,"BLANKENSHIP, DON",8,8
Washoe,"BLANKENSHIP, DON",2,2
Washoe,"BLANKENSHIP, DON",5,5
Washoe,"BLANKENSHIP, DON",4,4
Washoe,"BLANKENSHIP, DON",3,3
Washoe,"BLANKENSHIP, DON",9,9
Washoe,"BLANKENSHIP, DON",3,3
Washoe,"BLANKENSHIP, DON",3,3
Washoe,"BLANKENSHIP, DON",2,2
Washoe,"BLANKENSHIP, DON",2,2
Washoe,"BLANKENSHIP, DON",7,7
Washoe,"BLANKENSHIP, DON",1,1
Washoe,"BLANKENSHIP, DON",2,2
Washoe,"BLANKENSHIP, DON",1,1
Washoe,"BLANKENSHIP, DON",1,1
Washoe,"BLANKENSHIP, DON",3,3
Washoe,"BLANKENSHIP, DON",7,7
Washoe,"BLANKENSHIP, DON",4,4
Washoe,"BLANKENSHIP, DON",4,4
Washoe,"BLANKENSHIP, DON",1,1
Washoe,"BLANKENSHIP, DON",3,3
Washoe,"BLANKENSHIP, DON",5,5
Washoe,"BLANKENSHIP, DON",4,4
Washoe,"BLANKENSHIP, DON",2,2
Washoe,"BLANKENSHIP, DON",1,1
Washoe,"BLANKENSHIP, DON",3,3
Washoe,"BLANKENSHIP, DON",6,6
Washoe,"BLANKENSHIP, DON",1,1
Washoe,"BLANKENSHIP, DON",2,2
Washoe,"BLANKENSHIP, DON",3,3
Washoe,"BLANKENSHIP, DON",1,1
Washoe,"BLANKENSHIP, DON",4,4
Washoe,"BLANKENSHIP, DON",1,1
Washoe,"BLANKENSHIP, DON",1,1
Washoe,"BLANKENSHIP, DON",2,2
Washoe,"BLANKENSHIP, DON",1,1
Washoe,"BLANKENSHIP, DON",1,1
Washoe,"BLANKENSHIP, DON",3,3
Washoe,"JORGENSEN, JO",4,4
Washoe,"JORGENSEN, JO",1,1
Washoe,"JORGENSEN, JO",2,2
Washoe,"JORGENSEN, JO",3,3
Washoe,"JORGENSEN, JO",7,7
Washoe,"JORGENSEN, JO",11,1
Washoe,"JORGENSEN, JO",13,1
Washoe,"JORGENSEN, JO",15,1
Washoe,"JORGENSEN, JO",8,8
Washoe,"JORGENSEN, JO",13,1
Washoe,"JORGENSEN, JO",3,3
Washoe,"JORGENSEN, JO",11,1
Washoe,"JORGENSEN, JO",9,9
Washoe,"JORGENSEN, JO",1,1
Washoe,"JORGENSEN, JO",6,6
Washoe,"JORGENSEN, JO",9,9
Washoe,"JORGENSEN, JO",25,2
Washoe,"JORGENSEN, JO",3,3
Washoe,"JORGENSEN, JO",8,8
Washoe,"JORGENSEN, JO",2,2
Washoe,"JORGENSEN, JO",17,1
Washoe,"JORGENSEN, JO",6,6
Washoe,"JORGENSEN, JO",5,5
Washoe,"JORGENSEN, JO",9,9
Washoe,"JORGENSEN, JO",1,1
Washoe,"JORGENSEN, JO",36,3
Washoe,"JORGENSEN, JO",24,2
Washoe,"JORGENSEN, JO",7,7
Washoe,"JORGENSEN, JO",7,7
Washoe,"JORGENSEN, JO",3,3
Washoe,"JORGENSEN, JO",14,1
Washoe,"JORGENSEN, JO",8,8
Washoe,"JORGENSEN, JO",3,3
Washoe,"JORGENSEN, JO",9,9
Washoe,"JORGENSEN, JO",7,7
Washoe,"JORGENSEN, JO",5,5
Washoe,"JORGENSEN, JO",9,9
Washoe,"JORGENSEN, JO",7,7
Washoe,"JORGENSEN, JO",13,1
Washoe,"JORGENSEN, JO",6,6
Washoe,"JORGENSEN, JO",20,2
Washoe,"JORGENSEN, JO",21,2
Washoe,"JORGENSEN, JO",11,1
Washoe,"JORGENSEN, JO",3,3
Washoe,"JORGENSEN, JO",3,3
Washoe,"JORGENSEN, JO",27,2
Washoe,"JORGENSEN, JO",25,2
Washoe,"JORGENSEN, JO",26,2
Washoe,"JORGENSEN, JO",3,3
Washoe,"JORGENSEN, JO",10,1
Washoe,"JORGENSEN, JO",8,8
Washoe,"JORGENSEN, JO",2,2
Washoe,"JORGENSEN, JO",1,1
Washoe,"JORGENSEN, JO",9,9
Washoe,"JORGENSEN, JO",12,1
Washoe,"JORGENSEN, JO",22,2
Washoe,"JORGENSEN, JO",21,2
Washoe,"JORGENSEN, JO",10,1
Washoe,"JORGENSEN, JO",2,2
Washoe,"JORGENSEN, JO",3,3
Washoe,"JORGENSEN, JO",16,1
Washoe,"JORGENSEN, JO",3,3
Washoe,"JORGENSEN, JO",7,7
Washoe,"JORGENSEN, JO",5,5
Washoe,"JORGENSEN, JO",5,5
Washoe,"JORGENSEN, JO",8,8
Washoe,"JORGENSEN, JO",4,4
Washoe,"JORGENSEN, JO",4,4
Washoe,"JORGENSEN, JO",16,1
Washoe,"JORGENSEN, JO",20,2
Washoe,"JORGENSEN, JO",2,2
Washoe,"JORGENSEN, JO",15,1
Washoe,"JORGENSEN, JO",16,1
Washoe,"JORGENSEN, JO",17,1
Washoe,"JORGENSEN, JO",14,1
Washoe,"JORGENSEN, JO",7,7
Washoe,"JORGENSEN, JO",18,1
Washoe,"JORGENSEN, JO",15,1
Washoe,"JORGENSEN, JO",12,1
Washoe,"JORGENSEN, JO",13,1
Washoe,"JORGENSEN, JO",31,3
Washoe,"JORGENSEN, JO",7,7
Washoe,"JORGENSEN, JO",2,2
Washoe,"JORGENSEN, JO",13,1
Washoe,"JORGENSEN, JO",14,1
Washoe,"JORGENSEN, JO",22,2
Washoe,"JORGENSEN, JO",9,9
Washoe,"JORGENSEN, JO",9,9
Washoe,"JORGENSEN, JO",2,2
Washoe,"JORGENSEN, JO",3,3
Washoe,"JORGENSEN, JO",13,1
Washoe,"JORGENSEN, JO",6,6
Washoe,"JORGENSEN, JO",20,2
Washoe,"JORGENSEN, JO",20,2
Washoe,"JORGENSEN, JO",10,1
Washoe,"JORGENSEN, JO",15,1
Washoe,"JORGENSEN, JO",1,1
Washoe,"JORGENSEN, JO",11,1
Washoe,"JORGENSEN, JO",6,6
Washoe,"JORGENSEN, JO",10,1
Washoe,"JORGENSEN, JO",6,6
Washoe,"JORGENSEN, JO",13,1
Washoe,"JORGENSEN, JO",20,2
Washoe,"JORGENSEN, JO",7,7
Washoe,"JORGENSEN, JO",10,1
Washoe,"JORGENSEN, JO",24,2
Washoe,"JORGENSEN, JO",5,5
Washoe,"JORGENSEN, JO",6,6
Washoe,"JORGENSEN, JO",14,1
Washoe,"JORGENSEN, JO",17,1
Washoe,"JORGENSEN, JO",16,1
Washoe,"JORGENSEN, JO",26,2
Washoe,"JORGENSEN, JO",2,2
Washoe,"JORGENSEN, JO",14,1
Washoe,"JORGENSEN, JO",16,1
Washoe,"JORGENSEN, JO",8,8
Washoe,"JORGENSEN, JO",5,5
Washoe,"JORGENSEN, JO",16,1
Washoe,"JORGENSEN, JO",18,1
Washoe,"JORGENSEN, JO",31,3
Washoe,"JORGENSEN, JO",16,1
Washoe,"JORGENSEN, JO",16,1
Washoe,"JORGENSEN, JO",4,4
Washoe,"JORGENSEN, JO",12,1
Washoe,"JORGENSEN, JO",2,2
Washoe,"JORGENSEN, JO",14,1
Washoe,"JORGENSEN, JO",12,1
Washoe,"JORGENSEN, JO",10,1
Washoe,"JORGENSEN, JO",29,2
Washoe,"JORGENSEN, JO",11,1
Washoe,"JORGENSEN, JO",45,4
Washoe,"JORGENSEN, JO",9,9
Washoe,"JORGENSEN, JO",18,1
Washoe,"JORGENSEN, JO",8,8
Washoe,"JORGENSEN, JO",31,3
Washoe,"JORGENSEN, JO",30,3
Washoe,"JORGENSEN, JO",15,1
Washoe,"JORGENSEN, JO",9,9
Washoe,"JORGENSEN, JO",2,2
Washoe,"JORGENSEN, JO",16,1
Washoe,"JORGENSEN, JO",12,1
Washoe,"JORGENSEN, JO",1,1
Washoe,"JORGENSEN, JO",10,1
Washoe,"JORGENSEN, JO",11,1
Washoe,"JORGENSEN, JO",7,7
Washoe,"JORGENSEN, JO",3,3
Washoe,"JORGENSEN, JO",3,3
Washoe,"JORGENSEN, JO",21,2
Washoe,"JORGENSEN, JO",11,1
Washoe,"JORGENSEN, JO",15,1
Washoe,"JORGENSEN, JO",6,6
Washoe,"JORGENSEN, JO",14,1
Washoe,"JORGENSEN, JO",29,2
Washoe,"JORGENSEN, JO",12,1
Washoe,"JORGENSEN, JO",6,6
Washoe,"JORGENSEN, JO",13,1
Washoe,"JORGENSEN, JO",31,3
Washoe,"JORGENSEN, JO",15,1
Washoe,"JORGENSEN, JO",18,1
Washoe,"JORGENSEN, JO",11,1
Washoe,"JORGENSEN, JO",3,3
Washoe,"JORGENSEN, JO",18,1
Washoe,"JORGENSEN, JO",15,1
Washoe,"JORGENSEN, JO",17,1
Washoe,"JORGENSEN, JO",20,2
Washoe,"JORGENSEN, JO",1,1
Washoe,"JORGENSEN, JO",5,5
Washoe,"JORGENSEN, JO",9,9
Washoe,"JORGENSEN, JO",12,1
Washoe,"JORGENSEN, JO",11,1
Washoe,"JORGENSEN, JO",6,6
Washoe,"JORGENSEN, JO",1,1
Washoe,"JORGENSEN, JO",9,9
Washoe,"JORGENSEN, JO",30,3
Washoe,"JORGENSEN, JO",1,1
Washoe,"JORGENSEN, JO",4,4
Washoe,"JORGENSEN, JO",6,6
Washoe,"JORGENSEN, JO",4,4
Washoe,"JORGENSEN, JO",4,4
Washoe,"JORGENSEN, JO",4,4
Washoe,"JORGENSEN, JO",6,6
Washoe,"JORGENSEN, JO",13,1
Washoe,"JORGENSEN, JO",39,3
Washoe,"JORGENSEN, JO",12,1
Washoe,"JORGENSEN, JO",22,2
Washoe,"JORGENSEN, JO",9,9
Washoe,"JORGENSEN, JO",3,3
Washoe,"JORGENSEN, JO",6,6
Washoe,"JORGENSEN, JO",22,2
Washoe,"JORGENSEN, JO",3,3
Washoe,"JORGENSEN, JO",4,4
Washoe,"JORGENSEN, JO",27,2
Washoe,"JORGENSEN, JO",12,1
Washoe,"JORGENSEN, JO",1,1
Washoe,"JORGENSEN, JO",4,4
Washoe,"JORGENSEN, JO",1,1
Washoe,"JORGENSEN, JO",13,1
Washoe,"JORGENSEN, JO",1,1
Washoe,"JORGENSEN, JO",1,1
Washoe,"JORGENSEN, JO",2,2
Washoe,"JORGENSEN, JO",7,7
Washoe,"JORGENSEN, JO",1,1
Washoe,"JORGENSEN, JO",4,4
Washoe,"JORGENSEN, JO",3,3
Washoe,"JORGENSEN, JO",1,1
Washoe,"JORGENSEN, JO",11,1
Washoe,"JORGENSEN, JO",4,4
Washoe,"JORGENSEN, JO",9,9
Washoe,"JORGENSEN, JO",14,1
Washoe,"JORGENSEN, JO",11,1
Washoe,"JORGENSEN, JO",3,3
Washoe,"JORGENSEN, JO",6,6
Washoe,"JORGENSEN, JO",1,1
Washoe,"JORGENSEN, JO",11,1
Washoe,"JORGENSEN, JO",5,5
Washoe,"JORGENSEN, JO",4,4
Washoe,"JORGENSEN, JO",1,1
Washoe,"JORGENSEN, JO",3,3
Washoe,"JORGENSEN, JO",15,1
Washoe,"JORGENSEN, JO",3,3
Washoe,"JORGENSEN, JO",8,8
Washoe,"JORGENSEN, JO",12,1
Washoe,"JORGENSEN, JO",14,1
Washoe,"JORGENSEN, JO",13,1
Washoe,"JORGENSEN, JO",2,2
Washoe,"JORGENSEN, JO",14,1
Washoe,"JORGENSEN, JO",1,1
Washoe,"JORGENSEN, JO",12,1
Washoe,"JORGENSEN, JO",9,9
Washoe,"JORGENSEN, JO",9,9
Washoe,"JORGENSEN, JO",5,5
Washoe,"JORGENSEN, JO",1,1
Washoe,"JORGENSEN, JO",16,1
Washoe,"JORGENSEN, JO",8,8
Washoe,"JORGENSEN, JO",6,6
Washoe,"JORGENSEN, JO",2,2
Washoe,"JORGENSEN, JO",5,5
Washoe,"JORGENSEN, JO",5,5
Washoe,"JORGENSEN, JO",1,1
Washoe,"JORGENSEN, JO",13,1
Washoe,"JORGENSEN, JO",1,1
Washoe,"JORGENSEN, JO",1,1
Washoe,"JORGENSEN, JO",13,1
Washoe,"JORGENSEN, JO",5,5
Washoe,"JORGENSEN, JO",4,4
Washoe,"JORGENSEN, JO",2,2
Washoe,"JORGENSEN, JO",3,3
Washoe,"JORGENSEN, JO",28,2
Washoe,"JORGENSEN, JO",12,1
Washoe,"JORGENSEN, JO",19,1
Washoe,"JORGENSEN, JO",9,9
Washoe,"JORGENSEN, JO",11,1
Washoe,"JORGENSEN, JO",15,1
Washoe,"JORGENSEN, JO",28,2
Washoe,"JORGENSEN, JO",2,2
Washoe,"JORGENSEN, JO",7,7
Washoe,"JORGENSEN, JO",4,4
Washoe,"JORGENSEN, JO",8,8
Washoe,"JORGENSEN, JO",5,5
Washoe,"JORGENSEN, JO",11,1
Washoe,"JORGENSEN, JO",14,1
Washoe,"JORGENSEN, JO",5,5
Washoe,"JORGENSEN, JO",11,1
Washoe,"JORGENSEN, JO",4,4
Washoe,"JORGENSEN, JO",6,6
Washoe,"JORGENSEN, JO",14,1
Washoe,"JORGENSEN, JO",4,4
Washoe,"JORGENSEN, JO",15,1
Washoe,"JORGENSEN, JO",2,2
Washoe,"JORGENSEN, JO",20,2
Washoe,"JORGENSEN, JO",15,1
Washoe,"JORGENSEN, JO",5,5
Washoe,"JORGENSEN, JO",11,1
Washoe,"JORGENSEN, JO",16,1
Washoe,"JORGENSEN, JO",11,1
Washoe,"JORGENSEN, JO",8,8
Washoe,"JORGENSEN, JO",5,5
Washoe,"JORGENSEN, JO",12,1
Washoe,"JORGENSEN, JO",16,1
Washoe,"JORGENSEN, JO",16,1
Washoe,"JORGENSEN, JO",14,1
Washoe,"JORGENSEN, JO",10,1
Washoe,"JORGENSEN, JO",14,1
Washoe,"JORGENSEN, JO",16,1
Washoe,"JORGENSEN, JO",6,6
Washoe,"JORGENSEN, JO",25,2
Washoe,"JORGENSEN, JO",28,2
Washoe,"JORGENSEN, JO",5,5
Washoe,"JORGENSEN, JO",15,1
Washoe,"JORGENSEN, JO",31,3
Washoe,"JORGENSEN, JO",22,2
Washoe,"JORGENSEN, JO",17,1
Washoe,"JORGENSEN, JO",3,3
Washoe,"JORGENSEN, JO",11,1
Washoe,"JORGENSEN, JO",15,1
Washoe,"JORGENSEN, JO",14,1
Washoe,"JORGENSEN, JO",16,1
Washoe,"JORGENSEN, JO",18,1
Washoe,"JORGENSEN, JO",6,6
Washoe,"JORGENSEN, JO",3,3
Washoe,"JORGENSEN, JO",1,1
Washoe,"JORGENSEN, JO",6,6
Washoe,"JORGENSEN, JO",20,2
Washoe,"JORGENSEN, JO",2,2
Washoe,"JORGENSEN, JO",9,9
Washoe,"JORGENSEN, JO",8,8
Washoe,"JORGENSEN, JO",5,5
Washoe,"JORGENSEN, JO",2,2
Washoe,"JORGENSEN, JO",10,1
Washoe,"JORGENSEN, JO",14,1
Washoe,"JORGENSEN, JO",2,2
Washoe,"JORGENSEN, JO",16,1
Washoe,"JORGENSEN, JO",1,1
Washoe,"JORGENSEN, JO",10,1
Washoe,"JORGENSEN, JO",2,2
Washoe,"JORGENSEN, JO",8,8
Washoe,"JORGENSEN, JO",22,2
Washoe,"JORGENSEN, JO",22,2
Washoe,"JORGENSEN, JO",8,8
Washoe,"JORGENSEN, JO",13,1
Washoe,"JORGENSEN, JO",10,1
Washoe,"JORGENSEN, JO",4,4
Washoe,"JORGENSEN, JO",20,2
Washoe,"JORGENSEN, JO",12,1
Washoe,"JORGENSEN, JO",1,1
Washoe,"JORGENSEN, JO",4,4
Washoe,"JORGENSEN, JO",19,1
Washoe,"JORGENSEN, JO",1,1
Washoe,"JORGENSEN, JO",21,2
Washoe,"JORGENSEN, JO",4,4
Washoe,"JORGENSEN, JO",14,1
Washoe,"JORGENSEN, JO",8,8
Washoe,"JORGENSEN, JO",3,3
Washoe,"JORGENSEN, JO",1,1
Washoe,"JORGENSEN, JO",2,2
Washoe,"JORGENSEN, JO",9,9
Washoe,"JORGENSEN, JO",4,4
Washoe,"JORGENSEN, JO",2,2
Washoe,"JORGENSEN, JO",1,1
Washoe,None Of These Candidates,5,5
Washoe,None Of These Candidates,1,1
Washoe,None Of These Candidates,2,2
Washoe,None Of These Candidates,5,5
Washoe,None Of These Candidates,8,8
Washoe,None Of These Candidates,12,1
Washoe,None Of These Candidates,9,9
Washoe,None Of These Candidates,6,6
Washoe,None Of These Candidates,15,1
Washoe,None Of These Candidates,8,8
Washoe,None Of These Candidates,1,1
Washoe,None Of These Candidates,13,1
Washoe,None Of These Candidates,12,1
Washoe,None Of These Candidates,1,1
Washoe,None Of These Candidates,11,1
Washoe,None Of These Candidates,13,1
Washoe,None Of These Candidates,20,2
Washoe,None Of These Candidates,5,5
Washoe,None Of These Candidates,25,2
Washoe,None Of These Candidates,5,5
Washoe,None Of These Candidates,22,2
Washoe,None Of These Candidates,8,8
Washoe,None Of These Candidates,8,8
Washoe,None Of These Candidates,20,2
Washoe,None Of These Candidates,1,1
Washoe,None Of These Candidates,10,1
Washoe,None Of These Candidates,14,1
Washoe,None Of These Candidates,15,1
Washoe,None Of These Candidates,11,1
Washoe,None Of These Candidates,8,8
Washoe,None Of These Candidates,17,1
Washoe,None Of These Candidates,8,8
Washoe,None Of These Candidates,1,1
Washoe,None Of These Candidates,18,1
Washoe,None Of These Candidates,8,8
Washoe,None Of These Candidates,9,9
Washoe,None Of These Candidates,18,1
Washoe,None Of These Candidates,5,5
Washoe,None Of These Candidates,10,1
Washoe,None Of These Candidates,2,2
Washoe,None Of These Candidates,5,5
Washoe,None Of These Candidates,11,1
Washoe,None Of These Candidates,21,2
Washoe,None Of These Candidates,7,7
Washoe,None Of These Candidates,1,1
Washoe,None Of These Candidates,9,9
Washoe,None Of These Candidates,4,4
Washoe,None Of These Candidates,17,1
Washoe,None Of These Candidates,12,1
Washoe,None Of These Candidates,15,1
Washoe,None Of These Candidates,4,4
Washoe,None Of These Candidates,8,8
Washoe,None Of These Candidates,4,4
Washoe,None Of These Candidates,3,3
Washoe,None Of These Candidates,3,3
Washoe,None Of These Candidates,6,6
Washoe,None Of These Candidates,5,5
Washoe,None Of These Candidates,5,5
Washoe,None Of These Candidates,9,9
Washoe,None Of These Candidates,20,2
Washoe,None Of These Candidates,16,1
Washoe,None Of These Candidates,7,7
Washoe,None Of These Candidates,5,5
Washoe,None Of These Candidates,9,9
Washoe,None Of These Candidates,13,1
Washoe,None Of These Candidates,5,5
Washoe,None Of These Candidates,7,7
Washoe,None Of These Candidates,9,9
Washoe,None Of These Candidates,15,1
Washoe,None Of These Candidates,10,1
Washoe,None Of These Candidates,5,5
Washoe,None Of These Candidates,15,1
Washoe,None Of These Candidates,8,8
Washoe,None Of These Candidates,23,2
Washoe,None Of These Candidates,5,5
Washoe,None Of These Candidates,10,1
Washoe,None Of These Candidates,11,1
Washoe,None Of These Candidates,16,1
Washoe,None Of These Candidates,5,5
Washoe,None Of These Candidates,5,5
Washoe,None Of These Candidates,18,1
Washoe,None Of These Candidates,15,1
Washoe,None Of These Candidates,17,1
Washoe,None Of These Candidates,9,9
Washoe,None Of These Candidates,8,8
Washoe,None Of These Candidates,26,2
Washoe,None Of These Candidates,14,1
Washoe,None Of These Candidates,1,1
Washoe,None Of These Candidates,1,1
Washoe,None Of These Candidates,19,1
Washoe,None Of These Candidates,9,9
Washoe,None Of These Candidates,23,2
Washoe,None Of These Candidates,3,3
Washoe,None Of These Candidates,9,9
Washoe,None Of These Candidates,4,4
Washoe,None Of These Candidates,4,4
Washoe,None Of These Candidates,3,3
Washoe,None Of These Candidates,15,1
Washoe,None Of These Candidates,15,1
Washoe,None Of These Candidates,5,5
Washoe,None Of These Candidates,8,8
Washoe,None Of These Candidates,10,1
Washoe,None Of These Candidates,7,7
Washoe,None Of These Candidates,5,5
Washoe,None Of These Candidates,7,7
Washoe,None Of These Candidates,10,1
Washoe,None Of These Candidates,8,8
Washoe,None Of These Candidates,7,7
Washoe,None Of These Candidates,11,1
Washoe,None Of These Candidates,23,2
Washoe,None Of These Candidates,1,1
Washoe,None Of These Candidates,4,4
Washoe,None Of These Candidates,6,6
Washoe,None Of These Candidates,11,1
Washoe,None Of These Candidates,12,1
Washoe,None Of These Candidates,1,1
Washoe,None Of These Candidates,21,2
Washoe,None Of These Candidates,6,6
Washoe,None Of These Candidates,13,1
Washoe,None Of These Candidates,2,2
Washoe,None Of These Candidates,7,7
Washoe,None Of These Candidates,7,7
Washoe,None Of These Candidates,8,8
Washoe,None Of These Candidates,7,7
Washoe,None Of These Candidates,16,1
Washoe,None Of These Candidates,19,1
Washoe,None Of These Candidates,20,2
Washoe,None Of These Candidates,2,2
Washoe,None Of These Candidates,2,2
Washoe,None Of These Candidates,9,9
Washoe,None Of These Candidates,6,6
Washoe,None Of These Candidates,16,1
Washoe,None Of These Candidates,16,1
Washoe,None Of These Candidates,7,7
Washoe,None Of These Candidates,18,1
Washoe,None Of These Candidates,8,8
Washoe,None Of These Candidates,14,1
Washoe,None Of These Candidates,9,9
Washoe,None Of These Candidates,8,8
Washoe,None Of These Candidates,14,1
Washoe,None Of These Candidates,10,1
Washoe,None Of These Candidates,1,1
Washoe,None Of These Candidates,9,9
Washoe,None Of These Candidates,10,1
Washoe,None Of These Candidates,1,1
Washoe,None Of These Candidates,11,1
Washoe,None Of These Candidates,18,1
Washoe,None Of These Candidates,4,4
Washoe,None Of These Candidates,5,5
Washoe,None Of These Candidates,7,7
Washoe,None Of These Candidates,10,1
Washoe,None Of These Candidates,12,1
Washoe,None Of These Candidates,10,1
Washoe,None Of These Candidates,7,7
Washoe,None Of These Candidates,5,5
Washoe,None Of These Candidates,16,1
Washoe,None Of These Candidates,8,8
Washoe,None Of These Candidates,6,6
Washoe,None Of These Candidates,12,1
Washoe,None Of These Candidates,17,1
Washoe,None Of These Candidates,14,1
Washoe,None Of These Candidates,5,5
Washoe,None Of These Candidates,20,2
Washoe,None Of These Candidates,7,7
Washoe,None Of These Candidates,2,2
Washoe,None Of These Candidates,9,9
Washoe,None Of These Candidates,6,6
Washoe,None Of These Candidates,14,1
Washoe,None Of These Candidates,14,1
Washoe,None Of These Candidates,15,1
Washoe,None Of These Candidates,4,4
Washoe,None Of These Candidates,28,2
Washoe,None Of These Candidates,15,1
Washoe,None Of These Candidates,1,1
Washoe,None Of These Candidates,2,2
Washoe,None Of These Candidates,1,1
Washoe,None Of These Candidates,13,1
Washoe,None Of These Candidates,15,1
Washoe,None Of These Candidates,5,5
Washoe,None Of These Candidates,7,7
Washoe,None Of These Candidates,8,8
Washoe,None Of These Candidates,2,2
Washoe,None Of These Candidates,2,2
Washoe,None Of These Candidates,1,1
Washoe,None Of These Candidates,5,5
Washoe,None Of These Candidates,7,7
Washoe,None Of These Candidates,17,1
Washoe,None Of These Candidates,11,1
Washoe,None Of These Candidates,17,1
Washoe,None Of These Candidates,6,6
Washoe,None Of These Candidates,3,3
Washoe,None Of These Candidates,7,7
Washoe,None Of These Candidates,9,9
Washoe,None Of These Candidates,8,8
Washoe,None Of These Candidates,3,3
Washoe,None Of These Candidates,2,2
Washoe,None Of These Candidates,12,1
Washoe,None Of These Candidates,7,7
Washoe,None Of These Candidates,1,1
Washoe,None Of These Candidates,1,1
Washoe,None Of These Candidates,1,1
Washoe,None Of These Candidates,13,1
Washoe,None Of These Candidates,6,6
Washoe,None Of These Candidates,2,2
Washoe,None Of These Candidates,2,2
Washoe,None Of These Candidates,16,1
Washoe,None Of These Candidates,1,1
Washoe,None Of These Candidates,14,1
Washoe,None Of These Candidates,3,3
Washoe,None Of These Candidates,16,1
Washoe,None Of These Candidates,5,5
Washoe,None Of These Candidates,12,1
Washoe,None Of These Candidates,13,1
Washoe,None Of These Candidates,1,1
Washoe,None Of These Candidates,8,8
Washoe,None Of These Candidates,8,8
Washoe,None Of These Candidates,4,4
Washoe,None Of These Candidates,12,1
Washoe,None Of These Candidates,10,1
Washoe,None Of These Candidates,1,1
Washoe,None Of These Candidates,4,4
Washoe,None Of These Candidates,2,2
Washoe,None Of These Candidates,4,4
Washoe,None Of These Candidates,13,1
Washoe,None Of These Candidates,2,2
Washoe,None Of These Candidates,11,1
Washoe,None Of These Candidates,4,4
Washoe,None Of These Candidates,8,8
Washoe,None Of These Candidates,2,2
Washoe,None Of These Candidates,8,8
Washoe,None Of These Candidates,1,1
Washoe,None Of These Candidates,4,4
Washoe,None Of These Candidates,24,2
Washoe,None Of These Candidates,6,6
Washoe,None Of These Candidates,10,1
Washoe,None Of These Candidates,11,1
Washoe,None Of These Candidates,3,3
Washoe,None Of These Candidates,2,2
Washoe,None Of These Candidates,8,8
Washoe,None Of These Candidates,6,6
Washoe,None Of These Candidates,18,1
Washoe,None Of These Candidates,10,1
Washoe,None Of These Candidates,5,5
Washoe,None Of These Candidates,3,3
Washoe,None Of These Candidates,15,1
Washoe,None Of These Candidates,2,2
Washoe,None Of These Candidates,2,2
Washoe,None Of These Candidates,10,1
Washoe,None Of These Candidates,1,1
Washoe,None Of These Candidates,3,3
Washoe,None Of These Candidates,7,7
Washoe,None Of These Candidates,2,2
Washoe,None Of These Candidates,2,2
Washoe,None Of These Candidates,9,9
Washoe,None Of These Candidates,4,4
Washoe,None Of These Candidates,9,9
Washoe,None Of These Candidates,10,1
Washoe,None Of These Candidates,5,5
Washoe,None Of These Candidates,8,8
Washoe,None Of These Candidates,8,8
Washoe,None Of These Candidates,12,1
Washoe,None Of These Candidates,13,1
Washoe,None Of These Candidates,3,3
Washoe,None Of These Candidates,10,1
Washoe,None Of These Candidates,1,1
Washoe,None Of These Candidates,11,1
Washoe,None Of These Candidates,3,3
Washoe,None Of These Candidates,11,1
Washoe,None Of These Candidates,10,1
Washoe,None Of These Candidates,2,2
Washoe,None Of These Candidates,10,1
Washoe,None Of These Candidates,3,3
Washoe,None Of These Candidates,7,7
Washoe,None Of These Candidates,5,5
Washoe,None Of These Candidates,8,8
Washoe,None Of These Candidates,6,6
Washoe,None Of These Candidates,3,3
Washoe,None Of These Candidates,5,5
Washoe,None Of These Candidates,17,1
Washoe,None Of These Candidates,13,1
Washoe,None Of These Candidates,11,1
Washoe,None Of These Candidates,7,7
Washoe,None Of These Candidates,12,1
Washoe,None Of These Candidates,3,3
Washoe,None Of These Candidates,2,2
Washoe,None Of These Candidates,11,1
Washoe,None Of These Candidates,14,1
Washoe,None Of These Candidates,7,7
Washoe,None Of These Candidates,14,1
Washoe,None Of These Candidates,11,1
Washoe,None Of These Candidates,19,1
Washoe,None Of These Candidates,17,1
Washoe,None Of These Candidates,8,8
Washoe,None Of These Candidates,16,1
Washoe,None Of These Candidates,15,1
Washoe,None Of These Candidates,13,1
Washoe,None Of These Candidates,13,1
Washoe,None Of These Candidates,21,2
Washoe,None Of These Candidates,18,1
Washoe,None Of These Candidates,17,1
Washoe,None Of These Candidates,10,1
Washoe,None Of These Candidates,14,1
Washoe,None Of These Candidates,12,1
Washoe,None Of These Candidates,14,1
Washoe,None Of These Candidates,19,1
Washoe,None Of These Candidates,17,1
Washoe,None Of These Candidates,10,1
Washoe,None Of These Candidates,4,4
Washoe,None Of These Candidates,11,1
Washoe,None Of These Candidates,5,5
Washoe,None Of These Candidates,29,2
Washoe,None Of These Candidates,3,3
Washoe,None Of These Candidates,6,6
Washoe,None Of These Candidates,9,9
Washoe,None Of These Candidates,4,4
Washoe,None Of These Candidates,7,7
Washoe,None Of These Candidates,2,2
Washoe,None Of These Candidates,5,5
Washoe,None Of These Candidates,10,1
Washoe,None Of These Candidates,1,1
Washoe,None Of These Candidates,7,7
Washoe,None Of These Candidates,1,1
Washoe,None Of These Candidates,7,7
Washoe,None Of These Candidates,7,7
Washoe,None Of These Candidates,13,1
Washoe,None Of These Candidates,12,1
Washoe,None Of These Candidates,14,1
Washoe,None Of These Candidates,12,1
Washoe,None Of These Candidates,15,1
Washoe,None Of These Candidates,11,1
Washoe,None Of These Candidates,1,1
Washoe,None Of These Candidates,11,1
Washoe,None Of These Candidates,8,8
Washoe,None Of These Candidates,1,1
Washoe,None Of These Candidates,1,1
Washoe,None Of These Candidates,2,2
Washoe,None Of These Candidates,5,5
Washoe,None Of These Candidates,16,1
Washoe,None Of These Candidates,16,1
Washoe,None Of These Candidates,3,3
Washoe,None Of These Candidates,3,3
Washoe,None Of These Candidates,9,9
Washoe,None Of These Candidates,4,4
Washoe,None Of These Candidates,4,4
Washoe,None Of These Candidates,4,4
Washoe,None Of These Candidates,1,1
Washoe,None Of These Candidates,1,1
Washoe,None Of These Candidates,3,3
Washoe,None Of These Candidates,10,1
Washoe,None Of These Candidates,3,3
Washoe,None Of These Candidates,2,2
Washoe,None Of These Candidates,1,1
Washoe,None Of These Candidates,1,1
Washoe,"TRUMP, DONALD J.",190,1
Washoe,"TRUMP, DONALD J.",39,3
Washoe,"TRUMP, DONALD J.",44,4
Washoe,"TRUMP, DONALD J.",22,2
Washoe,"TRUMP, DONALD J.",18,1
Washoe,"TRUMP, DONALD J.",281,2
Washoe,"TRUMP, DONALD J.",333,3
Washoe,"TRUMP, DONALD J.",394,3
Washoe,"TRUMP, DONALD J.",452,4
Washoe,"TRUMP, DONALD J.",376,3
Washoe,"TRUMP, DONALD J.",561,5
Washoe,"TRUMP, DONALD J.",136,1
Washoe,"TRUMP, DONALD J.",423,4
Washoe,"TRUMP, DONALD J.",378,3
Washoe,"TRUMP, DONALD J.",40,4
Washoe,"TRUMP, DONALD J.",9,9
Washoe,"TRUMP, DONALD J.",9,9
Washoe,"TRUMP, DONALD J.",160,1
Washoe,"TRUMP, DONALD J.",308,3
Washoe,"TRUMP, DONALD J.",396,3
Washoe,"TRUMP, DONALD J.",106,1
Washoe,"TRUMP, DONALD J.",522,5
Washoe,"TRUMP, DONALD J.",128,1
Washoe,"TRUMP, DONALD J.",452,4
Washoe,"TRUMP, DONALD J.",297,2
Washoe,"TRUMP, DONALD J.",173,1
Washoe,"TRUMP, DONALD J.",458,4
Washoe,"TRUMP, DONALD J.",9,9
Washoe,"TRUMP, DONALD J.",357,3
Washoe,"TRUMP, DONALD J.",246,2
Washoe,"TRUMP, DONALD J.",434,4
Washoe,"TRUMP, DONALD J.",397,3
Washoe,"TRUMP, DONALD J.",312,3
Washoe,"TRUMP, DONALD J.",565,5
Washoe,"TRUMP, DONALD J.",317,3
Washoe,"TRUMP, DONALD J.",142,1
Washoe,"TRUMP, DONALD J.",606,6
Washoe,"TRUMP, DONALD J.",278,2
Washoe,"TRUMP, DONALD J.",219,2
Washoe,"TRUMP, DONALD J.",338,3
Washoe,"TRUMP, DONALD J.",122,1
Washoe,"TRUMP, DONALD J.",170,1
Washoe,"TRUMP, DONALD J.",168,1
Washoe,"TRUMP, DONALD J.",184,1
Washoe,"TRUMP, DONALD J.",292,2
Washoe,"TRUMP, DONALD J.",537,5
Washoe,"TRUMP, DONALD J.",246,2
Washoe,"TRUMP, DONALD J.",61,6
Washoe,"TRUMP, DONALD J.",154,1
Washoe,"TRUMP, DONALD J.",184,1
Washoe,"TRUMP, DONALD J.",434,4
Washoe,"TRUMP, DONALD J.",366,3
Washoe,"TRUMP, DONALD J.",522,5
Washoe,"TRUMP, DONALD J.",139,1
Washoe,"TRUMP, DONALD J.",190,1
Washoe,"TRUMP, DONALD J.",362,3
Washoe,"TRUMP, DONALD J.",19,1
Washoe,"TRUMP, DONALD J.",88,8
Washoe,"TRUMP, DONALD J.",132,1
Washoe,"TRUMP, DONALD J.",172,1
Washoe,"TRUMP, DONALD J.",252,2
Washoe,"TRUMP, DONALD J.",251,2
Washoe,"TRUMP, DONALD J.",496,4
Washoe,"TRUMP, DONALD J.",1026,1
Washoe,"TRUMP, DONALD J.",140,1
Washoe,"TRUMP, DONALD J.",295,2
Washoe,"TRUMP, DONALD J.",275,2
Washoe,"TRUMP, DONALD J.",393,3
Washoe,"TRUMP, DONALD J.",270,2
Washoe,"TRUMP, DONALD J.",112,1
Washoe,"TRUMP, DONALD J.",293,2
Washoe,"TRUMP, DONALD J.",343,3
Washoe,"TRUMP, DONALD J.",278,2
Washoe,"TRUMP, DONALD J.",231,2
Washoe,"TRUMP, DONALD J.",514,5
Washoe,"TRUMP, DONALD J.",349,3
Washoe,"TRUMP, DONALD J.",829,8
Washoe,"TRUMP, DONALD J.",297,2
Washoe,"TRUMP, DONALD J.",445,4
Washoe,"TRUMP, DONALD J.",392,3
Washoe,"TRUMP, DONALD J.",590,5
Washoe,"TRUMP, DONALD J.",188,1
Washoe,"TRUMP, DONALD J.",175,1
Washoe,"TRUMP, DONALD J.",1085,1
Washoe,"TRUMP, DONALD J.",512,5
Washoe,"TRUMP, DONALD J.",402,4
Washoe,"TRUMP, DONALD J.",322,3
Washoe,"TRUMP, DONALD J.",243,2
Washoe,"TRUMP, DONALD J.",1107,1
Washoe,"TRUMP, DONALD J.",167,1
Washoe,"TRUMP, DONALD J.",70,7
Washoe,"TRUMP, DONALD J.",61,6
Washoe,"TRUMP, DONALD J.",506,5
Washoe,"TRUMP, DONALD J.",59,5
Washoe,"TRUMP, DONALD J.",488,4
Washoe,"TRUMP, DONALD J.",935,9
Washoe,"TRUMP, DONALD J.",161,1
Washoe,"TRUMP, DONALD J.",170,1
Washoe,"TRUMP, DONALD J.",17,1
Washoe,"TRUMP, DONALD J.",106,1
Washoe,"TRUMP, DONALD J.",307,3
Washoe,"TRUMP, DONALD J.",142,1
Washoe,"TRUMP, DONALD J.",286,2
Washoe,"TRUMP, DONALD J.",334,3
Washoe,"TRUMP, DONALD J.",100,1
Washoe,"TRUMP, DONALD J.",255,2
Washoe,"TRUMP, DONALD J.",21,2
Washoe,"TRUMP, DONALD J.",14,1
Washoe,"TRUMP, DONALD J.",377,3
Washoe,"TRUMP, DONALD J.",243,2
Washoe,"TRUMP, DONALD J.",206,2
Washoe,"TRUMP, DONALD J.",211,2
Washoe,"TRUMP, DONALD J.",193,1
Washoe,"TRUMP, DONALD J.",11,1
Washoe,"TRUMP, DONALD J.",379,3
Washoe,"TRUMP, DONALD J.",125,1
Washoe,"TRUMP, DONALD J.",435,4
Washoe,"TRUMP, DONALD J.",512,5
Washoe,"TRUMP, DONALD J.",77,7
Washoe,"TRUMP, DONALD J.",150,1
Washoe,"TRUMP, DONALD J.",186,1
Washoe,"TRUMP, DONALD J.",212,2
Washoe,"TRUMP, DONALD J.",291,2
Washoe,"TRUMP, DONALD J.",61,6
Washoe,"TRUMP, DONALD J.",890,8
Washoe,"TRUMP, DONALD J.",86,8
Washoe,"TRUMP, DONALD J.",215,2
Washoe,"TRUMP, DONALD J.",219,2
Washoe,"TRUMP, DONALD J.",215,2
Washoe,"TRUMP, DONALD J.",8,8
Washoe,"TRUMP, DONALD J.",201,2
Washoe,"TRUMP, DONALD J.",210,2
Washoe,"TRUMP, DONALD J.",391,3
Washoe,"TRUMP, DONALD J.",544,5
Washoe,"TRUMP, DONALD J.",412,4
Washoe,"TRUMP, DONALD J.",436,4
Washoe,"TRUMP, DONALD J.",88,8
Washoe,"TRUMP, DONALD J.",323,3
Washoe,"TRUMP, DONALD J.",35,3
Washoe,"TRUMP, DONALD J.",269,2
Washoe,"TRUMP, DONALD J.",226,2
Washoe,"TRUMP, DONALD J.",311,3
Washoe,"TRUMP, DONALD J.",862,8
Washoe,"TRUMP, DONALD J.",456,4
Washoe,"TRUMP, DONALD J.",794,7
Washoe,"TRUMP, DONALD J.",317,3
Washoe,"TRUMP, DONALD J.",420,4
Washoe,"TRUMP, DONALD J.",236,2
Washoe,"TRUMP, DONALD J.",535,5
Washoe,"TRUMP, DONALD J.",522,5
Washoe,"TRUMP, DONALD J.",21,2
Washoe,"TRUMP, DONALD J.",242,2
Washoe,"TRUMP, DONALD J.",117,1
Washoe,"TRUMP, DONALD J.",19,1
Washoe,"TRUMP, DONALD J.",304,3
Washoe,"TRUMP, DONALD J.",201,2
Washoe,"TRUMP, DONALD J.",12,1
Washoe,"TRUMP, DONALD J.",304,3
Washoe,"TRUMP, DONALD J.",306,3
Washoe,"TRUMP, DONALD J.",104,1
Washoe,"TRUMP, DONALD J.",182,1
Washoe,"TRUMP, DONALD J.",139,1
Washoe,"TRUMP, DONALD J.",145,1
Washoe,"TRUMP, DONALD J.",291,2
Washoe,"TRUMP, DONALD J.",146,1
Washoe,"TRUMP, DONALD J.",286,2
Washoe,"TRUMP, DONALD J.",278,2
Washoe,"TRUMP, DONALD J.",375,3
Washoe,"TRUMP, DONALD J.",320,3
Washoe,"TRUMP, DONALD J.",124,1
Washoe,"TRUMP, DONALD J.",294,2
Washoe,"TRUMP, DONALD J.",432,4
Washoe,"TRUMP, DONALD J.",370,3
Washoe,"TRUMP, DONALD J.",134,1
Washoe,"TRUMP, DONALD J.",434,4
Washoe,"TRUMP, DONALD J.",533,5
Washoe,"TRUMP, DONALD J.",73,7
Washoe,"TRUMP, DONALD J.",281,2
Washoe,"TRUMP, DONALD J.",313,3
Washoe,"TRUMP, DONALD J.",457,4
Washoe,"TRUMP, DONALD J.",572,5
Washoe,"TRUMP, DONALD J.",28,2
Washoe,"TRUMP, DONALD J.",436,4
Washoe,"TRUMP, DONALD J.",289,2
Washoe,"TRUMP, DONALD J.",1028,1
Washoe,"TRUMP, DONALD J.",859,8
Washoe,"TRUMP, DONALD J.",130,1
Washoe,"TRUMP, DONALD J.",91,9
Washoe,"TRUMP, DONALD J.",20,2
Washoe,"TRUMP, DONALD J.",339,3
Washoe,"TRUMP, DONALD J.",477,4
Washoe,"TRUMP, DONALD J.",133,1
Washoe,"TRUMP, DONALD J.",138,1
Washoe,"TRUMP, DONALD J.",136,1
Washoe,"TRUMP, DONALD J.",13,1
Washoe,"TRUMP, DONALD J.",12,1
Washoe,"TRUMP, DONALD J.",17,1
Washoe,"TRUMP, DONALD J.",340,3
Washoe,"TRUMP, DONALD J.",139,1
Washoe,"TRUMP, DONALD J.",19,1
Washoe,"TRUMP, DONALD J.",28,2
Washoe,"TRUMP, DONALD J.",486,4
Washoe,"TRUMP, DONALD J.",475,4
Washoe,"TRUMP, DONALD J.",1085,1
Washoe,"TRUMP, DONALD J.",467,4
Washoe,"TRUMP, DONALD J.",1017,1
Washoe,"TRUMP, DONALD J.",483,4
Washoe,"TRUMP, DONALD J.",247,2
Washoe,"TRUMP, DONALD J.",232,2
Washoe,"TRUMP, DONALD J.",431,4
Washoe,"TRUMP, DONALD J.",833,8
Washoe,"TRUMP, DONALD J.",75,7
Washoe,"TRUMP, DONALD J.",217,2
Washoe,"TRUMP, DONALD J.",730,7
Washoe,"TRUMP, DONALD J.",367,3
Washoe,"TRUMP, DONALD J.",47,4
Washoe,"TRUMP, DONALD J.",7,7
Washoe,"TRUMP, DONALD J.",160,1
Washoe,"TRUMP, DONALD J.",36,3
Washoe,"TRUMP, DONALD J.",528,5
Washoe,"TRUMP, DONALD J.",22,2
Washoe,"TRUMP, DONALD J.",68,6
Washoe,"TRUMP, DONALD J.",47,4
Washoe,"TRUMP, DONALD J.",7,7
Washoe,"TRUMP, DONALD J.",148,1
Washoe,"TRUMP, DONALD J.",12,1
Washoe,"TRUMP, DONALD J.",377,3
Washoe,"TRUMP, DONALD J.",2,2
Washoe,"TRUMP, DONALD J.",11,1
Washoe,"TRUMP, DONALD J.",282,2
Washoe,"TRUMP, DONALD J.",36,3
Washoe,"TRUMP, DONALD J.",14,1
Washoe,"TRUMP, DONALD J.",8,8
Washoe,"TRUMP, DONALD J.",23,2
Washoe,"TRUMP, DONALD J.",491,4
Washoe,"TRUMP, DONALD J.",214,2
Washoe,"TRUMP, DONALD J.",704,7
Washoe,"TRUMP, DONALD J.",527,5
Washoe,"TRUMP, DONALD J.",87,8
Washoe,"TRUMP, DONALD J.",577,5
Washoe,"TRUMP, DONALD J.",111,1
Washoe,"TRUMP, DONALD J.",387,3
Washoe,"TRUMP, DONALD J.",205,2
Washoe,"TRUMP, DONALD J.",480,4
Washoe,"TRUMP, DONALD J.",348,3
Washoe,"TRUMP, DONALD J.",21,2
Washoe,"TRUMP, DONALD J.",147,1
Washoe,"TRUMP, DONALD J.",103,1
Washoe,"TRUMP, DONALD J.",225,2
Washoe,"TRUMP, DONALD J.",495,4
Washoe,"TRUMP, DONALD J.",269,2
Washoe,"TRUMP, DONALD J.",449,4
Washoe,"TRUMP, DONALD J.",346,3
Washoe,"TRUMP, DONALD J.",582,5
Washoe,"TRUMP, DONALD J.",24,2
Washoe,"TRUMP, DONALD J.",24,2
Washoe,"TRUMP, DONALD J.",390,3
Washoe,"TRUMP, DONALD J.",79,7
Washoe,"TRUMP, DONALD J.",101,1
Washoe,"TRUMP, DONALD J.",706,7
Washoe,"TRUMP, DONALD J.",213,2
Washoe,"TRUMP, DONALD J.",710,7
Washoe,"TRUMP, DONALD J.",506,5
Washoe,"TRUMP, DONALD J.",201,2
Washoe,"TRUMP, DONALD J.",139,1
Washoe,"TRUMP, DONALD J.",434,4
Washoe,"TRUMP, DONALD J.",245,2
Washoe,"TRUMP, DONALD J.",629,6
Washoe,"TRUMP, DONALD J.",348,3
Washoe,"TRUMP, DONALD J.",9,9
Washoe,"TRUMP, DONALD J.",333,3
Washoe,"TRUMP, DONALD J.",175,1
Washoe,"TRUMP, DONALD J.",479,4
Washoe,"TRUMP, DONALD J.",222,2
Washoe,"TRUMP, DONALD J.",15,1
Washoe,"TRUMP, DONALD J.",254,2
Washoe,"TRUMP, DONALD J.",426,4
Washoe,"TRUMP, DONALD J.",28,2
Washoe,"TRUMP, DONALD J.",139,1
Washoe,"TRUMP, DONALD J.",6,6
Washoe,"TRUMP, DONALD J.",281,2
Washoe,"TRUMP, DONALD J.",48,4
Washoe,"TRUMP, DONALD J.",123,1
Washoe,"TRUMP, DONALD J.",168,1
Washoe,"TRUMP, DONALD J.",107,1
Washoe,"TRUMP, DONALD J.",419,4
Washoe,"TRUMP, DONALD J.",228,2
Washoe,"TRUMP, DONALD J.",293,2
Washoe,"TRUMP, DONALD J.",287,2
Washoe,"TRUMP, DONALD J.",154,1
Washoe,"TRUMP, DONALD J.",379,3
Washoe,"TRUMP, DONALD J.",11,1
Washoe,"TRUMP, DONALD J.",469,4
Washoe,"TRUMP, DONALD J.",125,1
Washoe,"TRUMP, DONALD J.",307,3
Washoe,"TRUMP, DONALD J.",22,2
Washoe,"TRUMP, DONALD J.",212,2
Washoe,"TRUMP, DONALD J.",112,1
Washoe,"TRUMP, DONALD J.",302,3
Washoe,"TRUMP, DONALD J.",367,3
Washoe,"TRUMP, DONALD J.",136,1
Washoe,"TRUMP, DONALD J.",210,2
Washoe,"TRUMP, DONALD J.",301,3
Washoe,"TRUMP, DONALD J.",301,3
Washoe,"TRUMP, DONALD J.",376,3
Washoe,"TRUMP, DONALD J.",265,2
Washoe,"TRUMP, DONALD J.",287,2
Washoe,"TRUMP, DONALD J.",40,4
Washoe,"TRUMP, DONALD J.",379,3
Washoe,"TRUMP, DONALD J.",500,5
Washoe,"TRUMP, DONALD J.",536,5
Washoe,"TRUMP, DONALD J.",308,3
Washoe,"TRUMP, DONALD J.",322,3
Washoe,"TRUMP, DONALD J.",531,5
Washoe,"TRUMP, DONALD J.",276,2
Washoe,"TRUMP, DONALD J.",82,8
Washoe,"TRUMP, DONALD J.",498,4
Washoe,"TRUMP, DONALD J.",562,5
Washoe,"TRUMP, DONALD J.",406,4
Washoe,"TRUMP, DONALD J.",655,6
Washoe,"TRUMP, DONALD J.",448,4
Washoe,"TRUMP, DONALD J.",631,6
Washoe,"TRUMP, DONALD J.",816,8
Washoe,"TRUMP, DONALD J.",598,5
Washoe,"TRUMP, DONALD J.",766,7
Washoe,"TRUMP, DONALD J.",824,8
Washoe,"TRUMP, DONALD J.",749,7
Washoe,"TRUMP, DONALD J.",698,6
Washoe,"TRUMP, DONALD J.",1066,1
Washoe,"TRUMP, DONALD J.",821,8
Washoe,"TRUMP, DONALD J.",594,5
Washoe,"TRUMP, DONALD J.",297,2
Washoe,"TRUMP, DONALD J.",273,2
Washoe,"TRUMP, DONALD J.",313,3
Washoe,"TRUMP, DONALD J.",393,3
Washoe,"TRUMP, DONALD J.",778,7
Washoe,"TRUMP, DONALD J.",639,6
Washoe,"TRUMP, DONALD J.",222,2
Washoe,"TRUMP, DONALD J.",172,1
Washoe,"TRUMP, DONALD J.",305,3
Washoe,"TRUMP, DONALD J.",130,1
Washoe,"TRUMP, DONALD J.",977,9
Washoe,"TRUMP, DONALD J.",72,7
Washoe,"TRUMP, DONALD J.",208,2
Washoe,"TRUMP, DONALD J.",162,1
Washoe,"TRUMP, DONALD J.",24,2
Washoe,"TRUMP, DONALD J.",11,1
Washoe,"TRUMP, DONALD J.",10,1
Washoe,"TRUMP, DONALD J.",272,2
Washoe,"TRUMP, DONALD J.",65,6
Washoe,"TRUMP, DONALD J.",292,2
Washoe,"TRUMP, DONALD J.",357,3
Washoe,"TRUMP, DONALD J.",41,4
Washoe,"TRUMP, DONALD J.",461,4
Washoe,"TRUMP, DONALD J.",33,3
Washoe,"TRUMP, DONALD J.",783,7
Washoe,"TRUMP, DONALD J.",535,5
Washoe,"TRUMP, DONALD J.",613,6
Washoe,"TRUMP, DONALD J.",906,9
Washoe,"TRUMP, DONALD J.",958,9
Washoe,"TRUMP, DONALD J.",646,6
Washoe,"TRUMP, DONALD J.",731,7
Washoe,"TRUMP, DONALD J.",947,9
Washoe,"TRUMP, DONALD J.",47,4
Washoe,"TRUMP, DONALD J.",843,8
Washoe,"TRUMP, DONALD J.",15,1
Washoe,"TRUMP, DONALD J.",717,7
Washoe,"TRUMP, DONALD J.",59,5
Washoe,"TRUMP, DONALD J.",88,8
Washoe,"TRUMP, DONALD J.",107,1
Washoe,"TRUMP, DONALD J.",127,1
Washoe,"TRUMP, DONALD J.",465,4
Washoe,"TRUMP, DONALD J.",13,1
Washoe,"TRUMP, DONALD J.",490,4
Washoe,"TRUMP, DONALD J.",119,1
Washoe,"TRUMP, DONALD J.",55,5
Washoe,"TRUMP, DONALD J.",275,2
Washoe,"TRUMP, DONALD J.",192,1
Washoe,"TRUMP, DONALD J.",139,1
Washoe,"TRUMP, DONALD J.",92,9
Washoe,"TRUMP, DONALD J.",45,4
Washoe,"TRUMP, DONALD J.",16,1
Washoe,"TRUMP, DONALD J.",20,2
Washoe,"TRUMP, DONALD J.",6,6
Washoe,"TRUMP, DONALD J.",32,3
Washoe,"TRUMP, DONALD J.",563,5
Washoe,"TRUMP, DONALD J.",155,1
Washoe,"TRUMP, DONALD J.",74,7
Washoe,"TRUMP, DONALD J.",57,5
Washoe,"TRUMP, DONALD J.",14,1
Washoe,"TRUMP, DONALD J.",12,1
Washoe,"TRUMP, DONALD J.",35,3
Washoe,"TRUMP, DONALD J.",34,3
